code,name,base_date,confirm_date,ret,win,pos_pct,dist_to_high,dist_to_low,is_breakout,pos_zone,high_dist
sh603536,惠发食品,286,289,-4.58,0,113.8,-4.47,37.0,True,,已突破
sh600173,卧龙新能,350,353,-4.48,0,58.9,22.64,32.43,False,中位(35-65%),>20%
sh600624,ST复华,36,39,3.2,1,120.9,-9.11,52.58,True,,已突破
sh600226,亨通股份,256,259,3.71,1,97.8,0.96,42.55,False,过峰(>85%),0-5%
sh600265,*ST景谷,32,35,6.0,1,61.8,11.44,18.54,False,中位(35-65%),10-20%
sh688211,中科微至,113,116,-2.36,0,65.5,14.01,26.64,False,高位(65-85%),10-20%
sh688211,中科微至,333,336,2.0,1,44.6,13.47,10.87,False,中位(35-65%),10-20%
sh600107,*ST尔雅,129,132,-5.14,0,72.5,14.89,39.34,False,高位(65-85%),10-20%
sh603922,ST金鸿顺,28,31,14.01,1,108.9,-1.4,17.12,True,,已突破
sh603922,ST金鸿顺,349,352,3.82,1,47.5,19.54,17.64,False,中位(35-65%),10-20%
sh600733,北汽蓝谷,92,95,-5.25,0,38.7,33.04,20.85,False,中位(35-65%),>20%
sh688156,路德科技,185,188,-5.53,0,81.5,7.11,31.35,False,高位(65-85%),5-10%
sh603188,亚邦股份,481,484,-0.89,0,65.6,16.02,30.6,False,高位(65-85%),10-20%
sh688669,聚石化学股份,401,404,4.44,1,107.1,-3.17,47.77,True,,已突破
sh600029,南方航空,326,329,-8.34,0,98.8,0.37,30.8,False,过峰(>85%),0-5%
sh601908,京运通,18,21,2.26,1,160.5,-8.58,22.76,True,,已突破
sh600212,绿能慧充,18,21,-3.28,0,89.2,1.58,13.07,False,过峰(>85%),0-5%
sh600212,绿能慧充,389,392,-1.35,0,47.4,14.36,12.96,False,中位(35-65%),10-20%
sh600735,ST新华锦,59,62,6.46,1,100.0,0.0,13.35,True,过峰(>85%),已突破
sh600843,上工申贝,19,22,-3.74,0,119.8,-2.26,13.71,True,,已突破
sh688023,安恒信息,17,20,58.89,1,95.6,0.7,15.43,False,过峰(>85%),0-5%
sh603278,大业股份,18,21,-4.83,0,143.8,-4.75,15.59,True,,已突破
sh603598,引力传媒,283,286,-3.58,0,46.0,12.59,10.75,False,中位(35-65%),10-20%
sh688110,东芯股份,214,217,7.26,1,81.6,7.25,32.11,False,高位(65-85%),5-10%
sh600683,京投发展,345,348,21.47,1,72.4,10.83,28.44,False,高位(65-85%),10-20%
sh600481,双良节能,18,21,2.23,1,138.9,-4.99,17.81,True,,已突破
sh600753,ST海钦,249,252,-5.57,0,109.1,-3.7,44.32,True,,已突破
sh688369,致远互联,120,123,2.84,1,93.8,4.44,66.69,False,过峰(>85%),0-5%
sh603608,天创时尚,34,37,8.55,1,89.5,1.93,16.4,False,过峰(>85%),0-5%
sh601162,天风证券,20,23,-9.17,0,121.0,-9.11,52.59,True,,已突破
sh603261,立航科技,163,166,2.34,1,14.7,103.27,17.73,False,凹底(<20%),>20%
sh688185,康希诺生物,31,34,1.67,1,65.6,17.56,33.4,False,高位(65-85%),10-20%
sh601011,宝泰隆,18,21,10.12,1,136.7,-5.61,20.92,True,,已突破
sh600110,诺德股份,327,330,-2.82,0,60.7,17.37,26.79,False,中位(35-65%),10-20%
sh601068,中铝国际,18,21,7.23,1,116.7,-2.08,14.58,True,,已突破
sh600491,ST龙元,39,42,-6.61,0,93.5,2.76,39.85,False,过峰(>85%),0-5%
sh600491,ST龙元,168,171,-2.34,0,57.5,14.18,19.15,False,中位(35-65%),10-20%
sh600289,ST信通,112,115,3.45,1,106.8,-4.76,74.68,True,,已突破
sh600816,建元信托,403,406,2.15,1,82.2,4.22,19.48,False,高位(65-85%),0-5%
sh600828,茂业商业,146,149,-1.1,0,39.4,36.83,23.92,False,中位(35-65%),>20%
sh688051,罗克佳华科技,288,291,-2.6,0,102.2,-1.3,60.02,True,,已突破
sh600774,汉商集团,102,105,-0.7,0,40.1,26.72,17.86,False,中位(35-65%),>20%
sh688030,山石网科,400,403,-1.58,0,32.8,30.72,15.03,False,低位(20-35%),>20%
sh603139,康惠股份,159,162,-5.52,0,76.0,11.73,37.1,False,高位(65-85%),10-20%
sh605186,健麾信息,408,411,-5.0,0,98.4,0.47,29.18,False,过峰(>85%),0-5%
sh603011,合锻智能,134,137,6.75,1,119.5,-9.06,55.42,True,,已突破
sh603011,合锻智能,146,149,-9.76,0,58.1,31.77,44.13,False,中位(35-65%),>20%
sh603226,菲林格尔,263,266,8.28,1,100.7,-0.6,87.31,True,过峰(>85%),已突破
sh603226,菲林格尔,429,432,-8.19,0,95.0,2.8,53.0,False,过峰(>85%),0-5%
sh600238,ST椰岛,393,396,14.72,1,33.2,50.84,25.32,False,低位(20-35%),>20%
sh688119,中钢洛耐,402,405,-4.68,0,23.9,75.71,23.73,False,低位(20-35%),>20%
sh688488,艾迪药业,99,102,4.43,1,17.8,51.69,11.2,False,凹底(<20%),>20%
sh688488,艾迪药业,313,316,3.08,1,32.3,26.46,12.61,False,低位(20-35%),>20%
sh600115,中国东航,51,54,0.63,1,57.9,11.14,15.35,False,中位(35-65%),10-20%
sh600115,中国东航,274,277,-3.73,0,100.0,0.0,25.71,True,过峰(>85%),已突破
sh600745,*ST闻泰,418,421,2.38,1,20.1,105.13,26.46,False,低位(20-35%),>20%
sh688390,固德威电源,340,343,-11.37,0,89.5,6.55,55.99,False,过峰(>85%),5-10%
sh688390,固德威电源,402,405,4.66,1,100.2,-0.08,53.48,True,过峰(>85%),已突破
sh603123,翠微股份,362,365,-7.1,0,45.2,25.93,21.43,False,中位(35-65%),>20%
sh603895,天永智能,484,487,0.67,1,30.4,54.34,23.68,False,低位(20-35%),>20%
sh600610,中毅达,18,21,1.74,1,111.0,-2.37,23.93,True,,已突破
sh600610,中毅达,132,135,6.66,1,116.5,-8.68,61.3,True,,已突破
sh603335,迪生力,283,286,0.0,1,91.3,2.68,28.23,False,过峰(>85%),0-5%
sh600463,空港股份,349,352,-2.09,0,66.1,6.65,12.97,False,高位(65-85%),5-10%
sh600463,空港股份,402,405,-1.1,0,48.4,16.15,15.15,False,中位(35-65%),10-20%
sh688658,悦康药业,149,152,1.98,1,38.2,45.6,28.23,False,中位(35-65%),>20%
sh688658,悦康药业,201,204,-0.73,0,104.3,-2.08,50.52,True,,已突破
sh600303,曙光股份,147,150,18.56,1,87.3,4.27,29.34,False,过峰(>85%),0-5%
sh688298,东方基因生物,18,21,5.1,1,129.9,-3.64,15.78,True,,已突破
sh603626,科森科技,102,105,1.28,1,25.8,72.98,25.36,False,低位(20-35%),>20%
sh603268,松发股份,400,403,5.92,1,100.5,-0.33,62.54,True,过峰(>85%),已突破
sh600455,博通股份,402,405,-1.07,0,84.4,3.2,17.32,False,高位(65-85%),0-5%
sh605178,时空科技,228,231,-19.15,0,109.3,-4.56,53.8,True,,已突破
sh600343,航天动力,391,394,-2.95,0,59.0,42.64,61.37,False,中位(35-65%),>20%
sh603117,万林物流,30,33,48.23,1,137.5,-9.06,33.22,True,,已突破
sh688347,华虹宏力半导体,228,231,6.01,1,92.9,2.86,37.21,False,过峰(>85%),0-5%
sh600808,马钢股份,265,268,-4.73,0,89.6,3.39,29.3,False,过峰(>85%),0-5%
sh600808,马钢股份,337,340,-1.56,0,92.4,2.05,25.11,False,过峰(>85%),0-5%
sh603679,华体科技,401,404,15.45,1,29.3,40.01,16.55,False,低位(20-35%),>20%
sh600802,福建水泥,273,276,21.66,1,82.6,6.03,28.62,False,高位(65-85%),5-10%
sh603392,万泰生物,109,112,-3.38,0,18.1,28.99,6.39,False,凹底(<20%),>20%
sh603378,*ST亚士,162,165,-5.96,0,42.8,24.13,18.06,False,中位(35-65%),>20%
sh603316,诚邦股份,163,166,3.16,1,81.6,8.51,37.69,False,高位(65-85%),5-10%
sh600638,新黄浦,326,329,4.48,1,86.2,3.02,18.86,False,过峰(>85%),0-5%
sh600365,ST通葡,123,126,-1.1,0,48.7,14.29,13.57,False,中位(35-65%),10-20%
sh600365,ST通葡,274,277,-2.9,0,64.2,8.68,15.57,False,中位(35-65%),5-10%
sh600601,方正科技,490,493,2.73,1,82.7,8.48,40.63,False,高位(65-85%),5-10%
sh688172,燕东微电子股份,301,304,-1.26,0,47.5,31.63,28.59,False,中位(35-65%),>20%
sh688068,热景生物,118,121,28.7,1,81.7,15.06,67.37,False,高位(65-85%),10-20%
sh601515,衢州东峰,20,23,-3.6,0,73.3,8.21,22.5,False,高位(65-85%),5-10%
sh688622,*ST禾信仪器,460,463,-2.49,0,50.6,39.28,40.31,False,中位(35-65%),>20%
sh600155,华创云信,234,237,-3.0,0,96.6,0.76,21.39,False,过峰(>85%),0-5%
sh688048,长光华芯,18,21,23.77,1,162.4,-6.97,18.14,True,,已突破
sh600405,动力源,289,292,-3.78,0,44.4,28.14,22.45,False,中位(35-65%),>20%
sh603843,*ST正平,282,285,26.32,1,86.3,7.31,46.21,False,过峰(>85%),5-10%
sh603843,*ST正平,302,305,26.44,1,107.3,-4.71,69.66,True,,已突破
sh605303,园林股份,425,428,-10.66,0,71.5,18.55,46.45,False,高位(65-85%),10-20%
sh600333,长春燃气,485,488,3.27,1,100.0,0.0,28.09,True,过峰(>85%),已突破
sh688458,美芯晟科技,43,46,-18.72,0,100.2,-0.1,50.0,True,过峰(>85%),已突破
sh600543,*ST莫高,151,154,-8.75,0,26.7,52.75,19.22,False,低位(20-35%),>20%
sh601933,永辉超市,34,37,20.43,1,108.0,-3.59,48.33,True,,已突破
sh600990,四创电子,17,20,35.61,1,96.4,0.64,16.99,False,过峰(>85%),0-5%
sh600166,福田汽车,156,159,1.21,1,56.7,11.15,14.62,False,中位(35-65%),10-20%
sh601111,中国国航,51,54,4.12,1,69.5,9.41,21.5,False,高位(65-85%),5-10%
sh601111,中国国航,234,237,-1.23,0,54.7,9.03,10.89,False,中位(35-65%),5-10%
sh603386,骏亚科技,30,33,3.46,1,64.1,11.0,19.64,False,中位(35-65%),10-20%
sh600593,大连圣亚,365,368,-12.23,0,23.8,63.88,19.92,False,低位(20-35%),>20%
sh603557,*ST起步,284,287,8.1,1,25.3,44.06,14.94,False,低位(20-35%),>20%
sh600708,光明地产,88,91,-2.84,0,74.5,19.6,57.32,False,高位(65-85%),10-20%
sh600708,光明地产,402,405,-3.18,0,47.6,22.4,20.31,False,中位(35-65%),>20%
sh600246,万通发展,161,164,-11.65,0,15.7,133.77,24.84,False,凹底(<20%),>20%
sh605199,ST葫芦娃,59,62,-12.88,0,119.4,-9.09,55.84,True,,已突破
sh603968,醋化股份,403,406,-5.73,0,24.9,44.07,14.61,False,低位(20-35%),>20%
sh688079,美迪凯股份,415,418,7.86,1,103.2,-1.79,57.78,True,,已突破
sh600340,*ST华幸,162,165,0.48,1,29.6,64.03,26.88,False,低位(20-35%),>20%
sh688004,北京博汇科技,17,20,34.75,1,102.4,-0.36,15.12,True,,已突破
sh603212,赛伍技术,423,426,2.74,1,58.8,20.04,28.61,False,中位(35-65%),>20%
sh600732,爱旭股份,18,21,-4.95,0,163.9,-8.33,21.37,True,,已突破
sh601519,大智慧,204,207,-8.12,0,126.0,-9.12,44.21,True,,已突破
sh600255,鑫科材料,226,229,17.4,1,79.0,9.5,35.75,False,高位(65-85%),5-10%
sh600538,国发股份,490,493,-8.98,0,35.1,39.59,21.39,False,中位(35-65%),>20%
sh688202,美迪西生物医药,252,255,-11.75,0,98.6,0.96,69.05,False,过峰(>85%),0-5%
sh600792,云煤能源,18,21,9.32,1,122.2,-2.38,13.1,True,,已突破
sh600664,哈药股份,472,475,-9.41,0,96.3,2.58,68.13,False,过峰(>85%),0-5%
sz300614,百川畅银,139,142,-9.29,0,75.8,9.8,30.66,False,高位(65-85%),5-10%
sz002702,海欣食品,66,69,-9.41,0,121.4,-9.15,51.86,True,,已突破
sz000820,神雾节能,287,290,0.73,1,103.1,-0.92,30.28,True,,已突破
sz300762,上海瀚讯,277,280,-4.76,0,54.2,17.53,20.76,False,中位(35-65%),10-20%
sz002214,大立科技,479,482,3.61,1,43.6,33.55,25.93,False,中位(35-65%),>20%
sz300011,鼎汉技术,285,288,2.04,1,78.7,4.35,16.06,False,高位(65-85%),0-5%
sz000785,居然智家,463,466,-2.4,0,34.5,31.17,16.45,False,低位(20-35%),>20%
sz300164,通源石油,358,361,15.82,1,121.4,-12.72,72.23,True,,已突破
sz000526,学大教育,397,400,-0.59,0,38.8,22.69,14.38,False,中位(35-65%),>20%
sz300317,珈伟新能,194,197,2.09,1,88.1,3.92,28.92,False,过峰(>85%),0-5%
sz000665,湖北广电,284,287,-3.08,0,79.9,6.72,26.72,False,高位(65-85%),5-10%
sz002355,兴民智通,365,368,-0.83,0,80.9,6.25,26.46,False,高位(65-85%),5-10%
sz300713,英可瑞,160,163,5.67,1,32.3,51.59,24.66,False,低位(20-35%),>20%
sz000002,万 科Ａ,254,257,-4.08,0,73.0,4.4,11.91,False,高位(65-85%),0-5%
sz000590,古汉医药,200,203,15.95,1,97.7,1.05,45.08,False,过峰(>85%),0-5%
sz300299,富春股份,402,405,-4.13,0,15.1,51.91,9.24,False,凹底(<20%),>20%
sz002848,高斯贝尔,355,358,-9.75,0,88.9,5.27,42.41,False,过峰(>85%),5-10%
sz002291,遥望科技,402,405,-5.5,0,23.6,36.07,11.14,False,低位(20-35%),>20%
sz002796,世嘉科技,122,125,1.12,1,60.9,23.7,36.93,False,中位(35-65%),>20%
sz002796,世嘉科技,468,471,2.65,1,18.2,117.56,26.19,False,凹底(<20%),>20%
sz301307,美利信,363,366,0.38,1,71.1,14.9,36.74,False,高位(65-85%),10-20%
sz300647,超频三,277,280,-3.97,0,61.3,15.66,24.86,False,中位(35-65%),10-20%
sz300647,超频三,468,471,2.23,1,44.2,27.67,21.89,False,中位(35-65%),>20%
sz002921,联诚精密,337,340,-0.79,0,106.3,-2.34,39.46,True,,已突破
sz002445,中南文化,75,78,3.15,1,94.3,2.32,38.22,False,过峰(>85%),0-5%
sz000632,ST三木,182,185,-4.42,0,58.8,22.76,32.48,False,中位(35-65%),>20%
sz000632,ST三木,288,291,6.81,1,124.2,-9.13,46.88,True,,已突破
sz300449,汉邦高科,398,401,28.26,1,32.8,24.63,12.04,False,低位(20-35%),>20%
sz300958,建工修复,480,483,-0.94,0,55.9,16.88,21.43,False,中位(35-65%),10-20%
sz301096,百诚医药,408,411,4.19,1,86.4,4.55,28.9,False,过峰(>85%),0-5%
sz002309,中利集团,357,360,-3.07,0,48.4,22.25,20.85,False,中位(35-65%),>20%
sz002583,海能达,35,38,-5.35,0,112.0,-9.09,84.9,True,,已突破
sz300528,幸福蓝海,489,492,-6.35,0,31.0,29.46,13.23,False,低位(20-35%),>20%
sz300205,*ST天喻,215,218,9.42,1,82.7,10.1,48.45,False,高位(65-85%),10-20%
sz300686,智动力,386,389,-5.09,0,83.5,5.77,29.18,False,高位(65-85%),5-10%
sz002682,龙洲股份,291,294,-24.8,0,129.8,-9.12,39.69,True,,已突破
sz002021,中捷资源,338,341,-4.08,0,97.2,0.89,31.25,False,过峰(>85%),0-5%
sz000586,汇源通信,158,161,2.91,1,28.5,54.66,21.8,False,低位(20-35%),>20%
sz000877,天山股份,463,466,-0.84,0,14.5,48.7,8.29,False,凹底(<20%),>20%
sz301040,中环海陆,466,469,7.21,1,26.0,70.34,24.65,False,低位(20-35%),>20%
sz300853,申昊科技,465,468,4.48,1,37.9,54.97,33.61,False,中位(35-65%),>20%
sz002289,宇顺电子,163,166,26.6,1,107.9,-4.76,64.9,True,,已突破
sz002105,信隆健康,350,353,1.18,1,26.7,38.26,13.96,False,低位(20-35%),>20%
sz002902,铭普光磁,30,33,0.55,1,105.6,-1.56,29.6,True,,已突破
sz002902,铭普光磁,182,185,3.77,1,44.0,33.26,26.17,False,中位(35-65%),>20%
sz002928,华夏航空,66,69,-6.32,0,78.0,11.03,39.15,False,高位(65-85%),10-20%
sz002397,梦洁股份,282,285,0.28,1,89.3,2.53,21.2,False,过峰(>85%),0-5%
sz300736,百邦科技,160,163,0.06,1,32.0,57.7,27.22,False,低位(20-35%),>20%
sz300295,*ST三六,392,395,14.65,1,23.1,48.58,14.61,False,低位(20-35%),>20%
sz000069,华侨城Ａ,250,253,2.65,1,57.9,6.67,9.17,False,中位(35-65%),5-10%
sz301075,多瑞医药,242,245,4.87,1,96.5,1.96,54.65,False,过峰(>85%),0-5%
sz301075,多瑞医药,465,468,1.58,1,20.5,76.81,19.86,False,低位(20-35%),>20%
sz300900,广联航空,440,443,-2.46,0,40.8,33.37,23.03,False,中位(35-65%),>20%
sz000056,*ST皇庭,62,65,-13.26,0,109.0,-4.96,59.8,True,,已突破
sz002638,勤上股份,364,367,7.65,1,109.2,-3.18,37.93,True,,已突破
sz000980,众泰汽车,226,229,0.58,1,59.1,19.75,28.57,False,中位(35-65%),10-20%
sz002607,中公教育,402,405,-4.47,0,29.9,30.71,13.11,False,低位(20-35%),>20%
sz002234,民和股份,443,446,-2.89,0,28.7,33.38,13.46,False,低位(20-35%),>20%
sz300948,冠中生态,468,471,5.47,1,38.0,51.17,31.41,False,中位(35-65%),>20%
sz002413,雷科防务,329,332,-33.09,0,113.8,-9.04,74.47,True,,已突破
sz002554,惠博普,324,327,-4.34,0,51.2,18.29,19.17,False,中位(35-65%),10-20%
sz002805,丰元股份,320,323,-4.91,0,57.2,26.32,35.12,False,中位(35-65%),>20%
sz002723,小崧股份,435,438,-5.59,0,38.9,24.15,15.38,False,中位(35-65%),>20%
sz300903,科翔股份,285,288,10.13,1,99.9,0.06,55.24,False,过峰(>85%),0-5%
sz002656,摩登大道,94,97,26.35,1,80.0,11.11,44.44,False,高位(65-85%),10-20%
sz000972,中基健康,102,105,-9.62,0,96.1,1.65,40.38,False,过峰(>85%),0-5%
sz000757,浩物股份,250,253,-8.23,0,102.1,-1.02,50.42,True,,已突破
sz300555,ST路通,235,238,-3.14,0,72.2,10.75,27.9,False,高位(65-85%),10-20%
sz000525,红太阳,129,132,-1.59,0,17.8,53.38,11.58,False,凹底(<20%),>20%
sz000926,福星股份,251,254,-20.46,0,103.3,-1.45,44.8,True,,已突破
sz002272,川润股份,102,105,8.95,1,37.1,89.84,53.05,False,中位(35-65%),>20%
sz002272,川润股份,194,197,-5.9,0,72.4,15.11,39.56,False,高位(65-85%),10-20%
sz002272,川润股份,436,439,1.16,1,85.6,6.53,38.88,False,过峰(>85%),5-10%
sz300365,恒华科技,365,368,-4.41,0,100.0,0.0,17.93,True,过峰(>85%),已突破
sz001331,胜通能源,467,470,-8.35,0,68.0,22.59,48.08,False,高位(65-85%),>20%
sz002642,荣联科技,196,199,-2.39,0,44.2,27.23,21.55,False,中位(35-65%),>20%
sz300983,尤安设计,289,292,5.63,1,84.9,4.93,27.78,False,高位(65-85%),0-5%
sz300635,中达安,401,404,0.02,1,46.1,24.32,20.76,False,中位(35-65%),>20%
sz002217,ST合力泰,46,49,3.78,1,110.5,-4.88,51.22,True,,已突破
sz300249,依米康,223,226,9.4,1,48.2,38.36,35.64,False,中位(35-65%),>20%
sz002366,融发核电,400,403,0.77,1,21.3,27.64,7.48,False,低位(20-35%),>20%
sz300931,通用电梯,152,155,0.32,1,45.2,25.94,21.38,False,中位(35-65%),>20%
sz000782,恒申新材,394,397,12.86,1,70.5,9.15,21.83,False,高位(65-85%),5-10%
sz000782,恒申新材,400,403,10.55,1,107.7,-2.44,34.01,True,,已突破
sz300410,正业科技,388,391,13.4,1,49.2,14.5,14.04,False,中位(35-65%),10-20%
sz300410,正业科技,393,396,-3.47,0,91.3,2.37,24.93,False,过峰(>85%),0-5%
sz002314,南山控股,338,341,-2.4,0,45.7,12.38,10.42,False,中位(35-65%),10-20%
sz301089,拓新药业,443,446,-2.72,0,24.5,54.64,17.74,False,低位(20-35%),>20%
sz002719,ST麦趣,347,350,-2.14,0,59.6,9.4,13.9,False,中位(35-65%),5-10%
sz002678,珠江钢琴,17,20,6.39,1,119.6,-2.33,14.21,True,,已突破
sz000639,ST西王,248,251,0.69,1,72.1,10.71,27.68,False,高位(65-85%),10-20%
sz000547,航天发展,306,309,-3.15,0,110.7,-6.5,67.27,True,,已突破
sz002496,辉丰股份,289,292,-2.7,0,95.0,1.07,20.32,False,过峰(>85%),0-5%
sz000701,厦门信达,273,276,7.13,1,25.8,46.23,16.11,False,低位(20-35%),>20%
sz300710,万隆光电,399,402,-1.22,0,73.9,12.84,36.38,False,高位(65-85%),10-20%
sz300313,天山生物,292,295,-6.2,0,65.5,22.92,43.44,False,高位(65-85%),>20%
sz002716,湖南白银,226,229,-2.48,0,94.5,2.37,40.83,False,过峰(>85%),0-5%
sz000663,永安林业,350,353,1.0,1,41.8,33.42,24.01,False,中位(35-65%),>20%
sz300211,*ST亿通,337,340,-9.33,0,51.1,24.68,25.76,False,中位(35-65%),>20%
sz002617,露笑科技,431,434,-2.63,0,54.3,19.06,22.67,False,中位(35-65%),10-20%
sz300510,金冠股份,363,366,-8.54,0,88.1,2.94,21.72,False,过峰(>85%),0-5%
sz002387,维信诺,166,169,-1.76,0,21.5,76.02,20.79,False,低位(20-35%),>20%
sz002620,*ST瑞和,102,105,0.13,1,37.0,44.0,25.85,False,中位(35-65%),>20%
sz300044,*ST赛为,332,335,-7.58,0,102.9,-1.13,40.03,True,,已突破
sz300343,联创股份,112,115,4.21,1,52.8,33.01,36.88,False,中位(35-65%),>20%
sz002806,华锋股份,353,356,-6.42,0,96.8,1.17,34.85,False,过峰(>85%),0-5%
sz300065,海兰信,438,441,3.24,1,28.2,48.2,18.91,False,低位(20-35%),>20%
sz300585,奥联电子,463,466,12.12,1,27.9,66.15,25.59,False,低位(20-35%),>20%
sz000909,*ST数源,337,340,-6.91,0,46.0,12.82,10.94,False,中位(35-65%),10-20%
sz300665,飞鹿股份,465,468,-0.79,0,46.3,32.99,28.39,False,中位(35-65%),>20%
sz300264,佳创视讯,351,354,21.71,1,99.2,0.33,43.74,False,过峰(>85%),0-5%
sz301372,科净源,159,162,0.25,1,44.3,33.9,26.95,False,中位(35-65%),>20%
sz002420,毅昌科技,226,229,0.67,1,79.8,7.95,31.37,False,高位(65-85%),5-10%
sz301228,实朴检测,422,425,5.68,1,99.5,0.3,55.1,False,过峰(>85%),0-5%
sz002157,正邦科技,365,368,-3.16,0,49.5,15.93,15.63,False,中位(35-65%),10-20%
sz002631,德尔未来,467,470,4.31,1,47.0,39.29,34.79,False,中位(35-65%),>20%
sz300300,海峡创新,174,177,-1.68,0,91.5,2.88,30.84,False,过峰(>85%),0-5%
sz002114,罗平锌电,45,48,-1.26,0,89.9,3.28,29.34,False,过峰(>85%),0-5%
sz002164,宁波东力,62,65,-2.1,0,93.3,2.83,39.27,False,过峰(>85%),0-5%
sz002164,宁波东力,127,130,20.61,1,108.9,-4.51,55.16,True,,已突破
sz002175,*ST东智,410,413,-11.94,0,19.4,88.81,21.33,False,凹底(<20%),>20%
sz300085,银之杰,20,23,-10.55,0,126.2,-16.66,80.34,True,,已突破
sz002760,凤形股份,30,33,11.63,1,96.8,0.98,29.86,False,过峰(>85%),0-5%
sz002024,ST易购,126,129,1.18,1,82.1,8.68,39.73,False,高位(65-85%),5-10%
sz002405,四维图新,44,47,-15.84,0,89.9,4.71,42.1,False,过峰(>85%),0-5%
sz002134,天津普林,275,278,-2.75,0,35.7,28.22,15.67,False,中位(35-65%),>20%
sz002134,天津普林,285,288,-0.01,0,71.0,10.16,24.83,False,高位(65-85%),10-20%
sz000516,国际医学,45,48,-14.67,0,122.8,-7.16,38.57,True,,已突破
sz002524,光正眼科,157,160,1.43,1,39.8,27.59,18.23,False,中位(35-65%),>20%
sz000558,天府文旅,69,72,-28.62,0,119.6,-9.03,55.04,True,,已突破
sz002316,亚联发展,347,350,-1.99,0,51.1,20.25,21.14,False,中位(35-65%),>20%
sz002188,中天服务,347,350,-4.12,0,69.1,12.91,28.85,False,高位(65-85%),10-20%
sz002868,绿康生化,170,173,5.71,1,111.8,-4.78,45.35,True,,已突破
sz002868,绿康生化,288,291,26.54,1,113.8,-4.77,39.41,True,,已突破
sz300131,英唐智控,237,240,-1.32,0,93.7,2.54,37.82,False,过峰(>85%),0-5%
sz300424,航新科技,356,359,-8.35,0,72.7,9.48,25.19,False,高位(65-85%),5-10%
sz300242,佳云科技,288,291,2.97,1,80.5,4.89,20.16,False,高位(65-85%),0-5%
sz002425,凯撒文化,112,115,-4.88,0,43.4,23.53,18.07,False,中位(35-65%),>20%
